{
	"pages": [ //pages数组中第一项表示应用启动页，参考：https://uniapp.dcloud.io/collocation/pages
		{
			"path": "pages/login/login",
			"style": {
			}
		},
		{
			"path": "pages/admin/admin",
			"style": {
			}
		}
	],
	"globalStyle": {
		"navigationBarTextStyle": "black",
		"navigationStyle":"custom",
		"navigationBarBackgroundColor": "#F8F8F8",
		"backgroundColor": "#F8F8F8"
	},
	"easycom": {
		"autoscan": true,
		"custom": {
			"cl-(.*)": "@/cool/ui/components/$1/$1.vue"
		}
	}
}
